{
    "rmse": 1.4056306957695561,
    "mae": 0.7588386363636348,
    "r2": 0.9788225922996614
}